token_address,decimals
0x9ad328527cdbAD902d03F1de900285339Ada3804,18
0xC02aaA39b223FE8D0A0e5C4F27eAD9083C756Cc2,18
0x245BDa52dA930Ca92843101D9f1d1753171b7EA9,8
0xae20039F2Bec0E1D355d760986Ca75cACe82D2D1,9
0xf84423Bf0cA68B29Feb59729600F9cf83a10d733,18
0x1952F8f8cB5c0B769355FAF2695E9104866c6290,9
0xf59ea21276E0CcfC4488d993DB7070d01dFd7e48,9
0x7756F9140e4a7355cF5e49CE46d54499B3ca3033,18
0x4A4A192bF0d9c807f3ee4897B8BeE189fF9bBB06,18
0x088658E721474f07c0294Ef4B4138C492753c0d3,18
0xBB40d720cf95930a5A42e46bBe9Da81ACCa7017b,9
0x88E08adB69f2618adF1A3FF6CC43c671612D1ca4,18
0x936B9Fa2dA66aD90D3D5019E1a691049E06E9CdC,18
0x61A0Ff79177d503Dc3761b6dfd724a60BdcB90be,18
0x09608F6c739bf70B9EDb0EDb6aF0956Ad3750b7C,9
0xF58BbE559Ed150E6b3c67D2E95e7358624EE810d,9
0x94906Ff8458425841AEcf78170ec7Aff34827170,9
0xA3B7189e95b066410D78bf195076f02aa9B2e10c,18
0x3C9cA3214Cc9618475C831819D9d907d982392e9,18
0xE5344aA226F7Bd5dAd0C0b31a6426049E7aDaCA1,9
0x0e590E493902EB8d43DDF0939E56B1f4dC5eA54F,9
0x6c5a6A29B13b313D0Da81ce04A7832162485ab1B,9
0xE6EAF7DC7a938a058490414a68701BbFb28CCe94,9
0xFf59895D6FF452497E097E4E801f7915e072397e,18
0x5F35Eb54b2A479fe97cD5F5Db15AB96c3d621594,18
0xa382a46057A8f3A325e241Fda2c02D8639F9d34E,18
0x3A3849564031cFCe56c685f23e5277F24a0B43B8,9
0x43316FF043e06bC2e4bAC5E353748CF7aEcA51bd,9
0x6B175474E89094C44Da98b954EedeAC495271d0F,18
0xc261950593B55515069f8761bf5eCD7861845487,18
0x0bF5C318cce52E400A42615bF974C2181b1a900e,18
0x6690B4e3aFc8CC1ecE4b8Ed166576297809af99C,9
0xb2bcd89648ccc6E2f9301910070f5146c6C5811b,18
0xfbB9258Ee319cb2d873879be379dDf9791E42fbB,9
0x6a5f59d8FBF8c99d6810B15DBA0c9A6eBE9d97DB,18
0x876ccE9c0651E2924c44E72dC0C9A0F57C97a24A,18
0x86B792e6a20c8e8EF56ff4Fc92aEDCb62DBeeFEd,18
0xdAC17F958D2ee523a2206206994597C13D831ec7,6
0xD564443ec709409840Cf79CA76980E2AB9c10D9D,9
0x7D6764EF4D66027CB45cA4877263c38412af514c,9
0x0114bd1756BE51Ad5253b70B5444E35a44fb168D,18
0xDb16Ed3ED9B0E237e4a189062ADAEC98407afca6,9
0xCBebc0EdE82884FA0BA9855AD152b6b623717293,18
0x7C0D5F61E9Ac5116fDC9E1247A528B474cdbc996,9
0x10fBc6FFd555a506691952899640FDd8009307E9,18
0xB3e74dE1648a7a290fB4880F525cD1B787d478e9,18
0x6E97482E52185808D1aeA1077C67F500DA5eF9C1,18
0x04d1e954E1E7D33f740956D00e3d8ed1aDCBBa7e,18
0x0A821192C3CA92717F23CDA47ec093E30248074c,18
0xbF8aeE5b9815a50EBC1bEeBAFa3b450EDFD91406,9
0xA35150A515EBdEAD6eEa8B976404B50fb76AF9e0,18
0x3B010020BB3D901e0D2e1986213Ea8057A728EbF,18
0x6197F292b63D9411582386C2c629745994db447F,9
0xa5Be093dA1EF3429e7030Fa5b44bD6C6caAA6475,18
0xFB1b9BB68bb854C8250285FB9a5eB6e51FAC9a95,9
0x29E99517e3371674C17AC8aaB12B7264bB9e37D5,18
0x806E754043CFF5F1B70A83f6894642aE7b01f663,9
0x82c6cfF50b06617b48D4AE16747beDC93F8eC417,18
0x62Ef20cC9834b5FFd67137C496757913F2ADb2fb,18
0xdBE93E7AF745a54F688cF79C762167201eA0A5Bf,9
0x0feE4CA81c7982eACCc655A7CAbE3cF05C3b8db9,18
0x26325429250A2A12d92f065Ab02c42533bbAe247,18
0x11F2BaAcA4C99418A2e022a378063A3fF54CCc30,9
0xbFcD041FAb2b66aE675CA545F19266eF4BeF0d7A,18
0x4b251a7213836fCDBf10a839FA00a07c56B956B6,9
0xA86fdab8bdc088c53A442Fc1e6c96553DcDCC1F6,18
0xD13E63e3658CD0804371B17706944b817458Af66,9
0x7e6638134Aa947C6097ec862Ecff6339e2a4C8F0,9
0xa08faD61b0ebA8d304B330C894E5Ff8689652e55,18
0x20c5425F92219342cb52E67a68D34715F0b4A1DB,9
0x5F82a3967f279729A7C58D741E9824A6d653317E,8
0x358458bfBFf9CF7462437B867c803f194F7AA051,9
0x36d2f5266299089C3fdAF7198Ff900f9C4E4825b,18
0xc22242F8dC79D1B734C75b53ef39807af529B940,18
0xf5030FeEBBbF95621d995c15Ce5687f6490db6cf,9
0xAfBe78C5916504Fac389B112Ce1C848aA2EaB4e0,9
0xd8dfC1bE1D7a26a9EBae9d1Aa15babC7214C117F,18
0x49E96dd39F7345b101273D090E070641CF032Ce4,9
0xf88B2072aD34AfC7d4beb3624e3af3be135cAd76,9
0x9EFe3eD193f65d8b468D199208E04cE1D00889AA,9
0x7FAB2Eb1BB9257349e30193a00d9656B2e5E9E95,18
0x435a579bb0DB6b6585249BB6000D11F6538d660c,18
0x2101E25540802Ef47D30B3A17Ac5Cb1C90b2F704,18
0xBF81F0d7D1d6b4658d90685B9c53E749EBaA330e,18
0x5eB1Db53bCC6057AaA0d962fc09002bD3463404f,9
0xa746E1623031b5dBd5eFCde51310de1556cd8577,9
0x1a678d24c5f0947De11CC433ad4be8D0C583BD6B,9
0xCaec8Ed1D0e23F598c9DFC287e54D1c04bC3d417,18
0x8003583E893A48F0737F70BaF184Fd6947452Ca8,9
0x229c9f3a514aa08C3a3c87c75DbcFa3Af4961289,9
0xd5649fe0E4546A4A26621Dfb63c49b7939809B57,18
0xbcFa2db7e5ee66681A63Ae0748783494Dd138AE5,18
0xafc3F1e0C6E858E0b3bC6172A18Fd522bcEDb28F,18
0xf41fb6BC788B28Ea130b64740925d65DF3f6D478,0
0x9336c1ba1Ed4ED798ABE782930AB81e308E98070,8
0xDEBFE51A5aF24214925D19D95a936B029E55383B,9
0x32116432EA6F3354BA644Efc47c8553C8e4537A2,9
0x6c424353516310338CCC65FF22Ba34323323a04c,18
0x13fEA05A567369E7517D78747257aF093E2E1842,18
0x4a537440FBC257dD3bC082c58Ac66662c8ff4D45,18
0x3b4E7501F30aEC3EA3889C9FD62c7BF5fB8A8a4e,9
0xf742Fe9115781e5fDA0d8Ea5C0074a698622BCc0,9
0x7eFc57eC37eeF33415669930751C1E06ebe6f98D,9
0x00FEC19F7a90F21186f073eCFAe90f0e3F3BDBee,9
0xe11cC4191b2bA63f8CDB8a86F292bda912D21c2a,9
0x521370c5C2e8dDb4CA30d77603eaAf8dfcCBF679,18
0x44abe128f776586728F34CE257985E3b51410085,18
0xEba8A3fC23Db80a09a8B866F48Cb5eE5d1ff7930,18
0x173771c0fa751C56579536A85b2DACb562CDE80B,18
0x0463f9f7593d730969Af0c961afaf9Da767Db5Cb,18
0xc0D4d43658210A596eB4CB0BA897BA53575D7664,18
0x3444bc0b257367596055a3ceCBDd44B3cf942e1d,9
0x39c3F47F2f757643F0e100B788d854777A244FA4,6
0xE8b7455480EA123ba31974e7703596cEe2eBcD2B,18
0x8A68Eee98037495BF4557b5Dee1eb298E75EfD24,18
0x84015DE0D713df9BD9578DDE49C288Ec732C5B5F,18
0xe2342f79a4E4c6Ff7A16E46D2192f81C3b62067a,18
0x9a3436707aC61128FF6e740B6B54b0a02240fFE2,18
0x13C7d5F9626452bf325bd2DBc8D8E4233cDFf68C,9
0x65aAF0e7500EC72cB16a19D27e8b228fAf118452,18
0x63bb7ce34C0D60E7C360871CA697CeF179FAB860,18
0xAC8de6A19A1F7c7FFff5B478d764B9Ec23d2e0F0,18
0x6ed0D2bDCd8Fa254bdCaa210FE1EFe08Fafb05a1,18
0x2A307a4EAde36B48582B9dFd0CF4491270570E4F,9
0xd9A0f3D3C2C14Bf920E75ee22396b0bbEE03eB65,18
0x229ddB00538b15C5b6301aAf645fb17C9A1fEa0E,9
0x884f425bc82d8e96d90969b82Cb47adFCBa5dA5f,9
0xF3F1c3A182549ccdEc13A26de3ad588414db42B1,9
0x945c46acdf001c3D107c9a69F4872FCB652D7FB3,9
0x25c1278454254f783ef8760987Db8dE0268C6CbE,18
0x12b7406E58D4D0EBD50bA8A0248bD19A69CfaAC1,18
0xE89D1a9e4c8249E8643B66f41fFBfAE1649ba201,9
0x872f6e6CEA84928cE6709bd01079D2E3B1FC1E08,9
0x453Ec9eC07A125bA0E51C134bBFFC4297Ac5d08b,18
0x4f39Ea0B7EB3B8B5002E74f36261e6381586687b,18
0x6f71Dc114B0B1Fa734FB18D118c542b834813Dd1,9
0x6cfE910c6c86fa1C47623652B40F2Fd0aFEC24C1,9
0xCDA8DE767Ce65278FC41B857Cf3Cd1Fc03183F24,18
0x883a3781962e26B452a1793D00bd1DeDF1E280a4,9
0xcacbe2f8BdcB86B0f5016bBA4928D2359456Ae59,18
0x1257b06a94b7B70536F8ee245DBC814EA7803D8d,9
0x10Fdb5028103cB520203946d1D1eFDf6b2694081,18
0x4B1C7a9938b52B6E3E5A6Cc2c9D1628abECCb96c,18
0x240a6971cEc49d64948BC101e5f5C3940D53b833,18
0xEedFc7D2257D2c719385996eCa8424d3710268e4,18
0x5db83BD276fd84421ad1056C2a1cf8904DDfA2ea,9
0x584a4Dd38d28fD1EA0E147bA7B70AEd29A37e335,18
0xd43755Af23e7bB1fA9D52e94BA34D72f0424B5fB,12
0x8b5E42fFEEa4913B7612988749EB0b70d0905dAb,18
0x8511Ded14150adBd476E73B26692479B57BDd464,18
0x33AF0E85EBE7363c7ed67A3D465d106Add3F6De6,9
0xd4B214D1849C0e925889eBca8fAd84e213dc7948,18
0xA080a0c674B313B0B40B0Eb9d111CEA604285cba,8
0xB723849896d8bDCB588A7f09694D11E833f211c5,9
0x80a8e85a0E70355446204A5d6d91B8B2853dB203,18
0x037767Cb5dFE4427B076DD16B8967f7c7Ba10C96,9
0xE91b0B8b929E0092b45A3cCf6Fe705aBea121A9A,18
0x1Ff3ef4BE64B0D94a714681A8D66599Eb5f8FF81,9
0xaBf0710d2C45c997a4999C2680AE41A1A820EdCD,18
0x0369Eb081151e689F2a44E36f5c6a21935f20A67,9
0xfA482f9f8e4d03499CCe33f852258bcc1bfC4989,18
0xB2274D62102883e03EBe8Bf2d0578fB7280e6aE6,9
0xab7b79AE227545737c6e52366069f0a9150B21B9,9
0x5b14f514aDeec05842d2F7700102f97d5Cd33c5B,9
0x35828Ed60D3a36f464038fcA58a0C5896f400389,18
0x2D3eF466009A0F2E14DD770EcDaBbCa601d9849b,9
0x2B7165A37C9CA1E419f51624cB7dA06A1c73d4B9,18
0xE73d53e3a982ab2750A0b76F9012e18B256Cc243,18
0xCdcA96429dE15e82FfB56E7DDaa0d9cA9E03E31d,18
0x8bEa482AAe5698AC2E2fF192564cB917C18AE646,9
0x9A4f70B27c423613fe1D9dCAe566e506A0c0D8db,9
0xcB80895e787e59184a936ddDa493461E0581Ec0f,18
0x4aFf09FbFdAAdf6708Db9618980258B2a7925358,9
0x78813FAaFE0dCc1003DF4aEbb3Aa5859C699292A,9
0x22fe0DC025A4E8F29A2C7CAd68f533BDcC6C31eb,9
0x2b591e99afE9f32eAA6214f7B7629768c40Eeb39,8
0xA0b86991c6218b36c1d19D4a2e9Eb0cE3606eB48,6
0x1f9840a85d5aF5bf1D1762F925BDADdC4201F984,18
0x4Fabb145d64652a948d72533023f6E7A623C7C53,18
0x514910771AF9Ca656af840dff83E8264EcF986CA,18
0x2260FAC5E5542a773Aa44fBCfeDf7C193bc2C599,8
0x6e1A19F235bE7ED8E3369eF73b196C07257494DE,18
0xE1Be5D3f34e89dE342Ee97E6e90D405884dA6c67,6
0x4Ddc2D193948926D02f9B1fE9e1daa0718270ED5,8
0x4E15361FD6b4BB609Fa63C81A2be19d873717870,18
0xae7ab96520DE3A18E5e111B5EaAb095312D7fE84,18
0xA0b73E1Ff0B80914AB6fe0444E65848C4C34450b,8
0x75231F58b43240C9718Dd58B4967c5114342a86c,18
0x4a220E6096B25EADb88358cb44068A3248254675,18
0xc944E90C64B2c07662A292be6244BDf05Cda44a7,18
0xa47c8bf37f92aBed4A126BDA807A7b7498661acD,18
0x39AA39c021dfbaE8faC545936693aC917d5E7563,8
0x2AF5D2aD76741191D15Dfe7bF6aC92d4Bd912Ca3,18
0x5d3a536E4D6DbD6114cc1Ead35777bAB948E3643,8
0xE83CCCfABD4eD148903Bf36d4283eE7C8b3494D1,6
0xaaAEBE6Fe48E54f431b0C390CfaF0b017d09D42d,4
0xfF20817765cB7f73d4bde2e66e067E58D11095C2,18
0x9f8F72aA9304c8B593d555F12eF6589cC3A579A2,18
0x0316EB71485b0Ab14103307bf65a021042c6d380,18
0x6B3595068778DD592e39A122f4f5a5cF09C90fE2,18
0xd26114cd6EE289AccF82350c8d8487fedB8A0C07,18
0xc00e94Cb662C3520282E6f5717214004A7f26888,18
0xE452E6Ea2dDeB012e20dB73bf5d3863A3Ac8d77a,18
0x3506424F91fD33084466F402d5D97f05F8e3b4AF,18
0xC011a73ee8576Fb46F5E1c5751cA3B9Fe0af2a6F,18
0x6c6EE5e31d828De241282B9606C8e98Ea48526E2,18
0xF629cBd94d3791C9250152BD8dfBDF380E2a3B9c,18
0x41AB1b6fcbB2fA9DCEd81aCbdeC13Ea6315F2Bf2,18
0x0000000000085d4780B73119b644AE5ecd22b376,18
0x0bc529c00C6401aEF6D220BE8C6Ea1667F6Ad93e,18
0x6f259637dcD74C767781E37Bc6133cd6A68aa161,18
0x99D8a9C45b2ecA8864373A26D1459e3Dff1e17F3,18
0x0D8775F648430679A709E98d2b0Cb6250d2887EF,18
0x476c5E26a75bd202a9683ffD34359C0CC15be0fF,6
0x16631e53C20Fd2670027C6D53EfE2642929b285C,18
0x467Bccd9d29f223BcE8043b84E8C8B282827790F,2
0xB62132e35a6c13ee1EE0f84dC5d40bad8d815206,18
0x8E870D67F660D95d5be530380D0eC0bd388289E1,18
0xEB4C2781e4ebA804CE9a9803C67d0893436bB27D,8
0x1F573D6Fb3F13d689FF844B4cE37794d79a7FF1C,18
0xf34960d9d60be18cC1D5Afc1A6F012A723a28811,6
0xE41d2489571d322189246DaFA5ebDe1F4699F498,18
0x4F9254C83EB525f9FCf346490bbb3ed28a81C667,18
0xf650C3d88D12dB855b8bf7D11Be6C55A4e07dCC9,8
0x9992eC3cF6A55b00978cdDF2b27BC6882d88D1eC,18
0x3845badAde8e6dFF049820680d1F14bD3903a5d0,18
0x6fB3e0A217407EFFf7Ca062D46c26E5d60a14d69,18
0xba9d4199faB4f26eFE3551D490E3821486f135Ba,8
0x04Fa0d235C4abf4BcF4787aF4CF447DE572eF828,18
0xB4EFd85c19999D84251304bDA99E90B92300Bd93,18
0x7DD9c5Cba05E151C895FDe1CF355C9A1D5DA6429,18
0x3597bfD533a99c9aa083587B074434E61Eb0A258,8
0x111111111117dC0aa78b770fA6A738034120C302,18
0xaea46A60368A7bD060eec7DF8CBa43b7EF41Ad85,18
0x956F47F50A910163D8BF957Cf5846D573E7f87CA,18
0x39Bb259F66E1C59d5ABEF88375979b4D20D98022,8
0xBBbbCA6A901c926F240b89EacB641d8Aec7AEafD,18
0x767FE9EDC9E0dF98E07454847909b5E959D7ca0E,18
0xe28b3B32B6c345A34Ff64674606124Dd5Aceca30,18
0xff56Cc6b1E6dEd347aA0B7676C85AB0B3D08B0FA,18
0x744d70FDBE2Ba4CF95131626614a1763DF805B9E,18
0x853d955aCEf822Db058eb8505911ED77F175b99e,18
0x967da4048cD07aB37855c090aAF366e4ce1b9F48,18
0xBA11D00c5f74255f56a5E366F4F77f5A186d7f55,18
0x69af81e73A73B40adF4f3d4223Cd9b1ECE623074,18
0x5B7533812759B45C2B44C19e320ba2cD2681b542,8
0x8400D94A5cb0fa0D041a3788e395285d61c9ee5e,8
0xbE9375C6a420D2eEB258962efB95551A5b722803,18
0x43Dfc4159D86F3A37A5A4B3D4580b888ad7d4DDd,18
0x8207c1FfC5B6804F6024322CcF34F29c3541Ae26,18
0x45804880De22913dAFE09f4980848ECE6EcbAf78,18
0xbf2179859fc6D5BEE9Bf9158632Dc51678a4100e,18
0xfc82bb4ba86045Af6F327323a46E80412b91b27d,18
0xD291E7a03283640FDc51b121aC401383A46cC623,18
0xEA26c4aC16D4a5A106820BC8AEE85fd0b7b2b664,18
0xc7283b66Eb1EB5FB86327f08e1B5816b0720212B,18
0x221657776846890989a759BA2973e427DfF5C9bB,18
0x55296f69f40Ea6d20E478533C15A6B08B654E758,18
0x0c7D5ae016f806603CB1782bEa29AC69471CAb9c,18
0x178c820f862B14f316509ec36b13123DA19A6054,18
0xdF574c24545E5FfEcb9a659c229253D4111d87e1,8
0x607F4C5BB672230e8672085532f7e901544a7375,9
0x5Cf04716BA20127F1E2297AdDCf4B5035000c9eb,18
0x1776e1F26f98b1A5dF9cD347953a26dd3Cb46671,18
0x580c8520dEDA0a441522AEAe0f9F7A5f29629aFa,18
0xba100000625a3754423978a60c9317c58a424e3D,18
0xcca0c9c383076649604eE31b20248BC04FdF61cA,18
0x85Eee30c52B0b379b046Fb0F85F4f3Dc3009aFEC,18
0xF433089366899D83a9f26A773D59ec7eCF30355e,8
0x5A98FcBEA516Cf06857215779Fd812CA3beF1B32,18
0x419D0d8BdD9aF5e606Ae2232ed285Aff190E711b,8
0xDe7D85157d9714EADf595045CC12Ca4A5f3E2aDb,18
0x4C19596f5aAfF459fA38B0f7eD92F11AE6543784,8
0x8A2279d4A90B6fe1C4B30fa660cC9f926797bAA2,6
0x056Fd409E1d7A124BD7017459dFEa2F387b6d5Cd,2
0xf16e81dce15B08F326220742020379B855B87DF9,18
0xB64ef51C888972c908CFacf59B47C1AfBC0Ab8aC,8
0x4575f41308EC1483f3d399aa9a2826d74Da13Deb,18
0xCC8Fa225D80b9c7D42F96e9570156c65D6cAAa25,0
0xec67005c4E498Ec7f55E092bd1d35cbC47C91892,18
0x3432B6A60D23Ca0dFCa7761B7ab56459D9C964D0,18
0xEC213F83defB583af3A000B1c0ada660b1902A0F,18
0xCdCFc0f66c522Fd086A1b725ea3c0Eeb9F9e8814,18
0xD417144312DbF50465b1C641d016962017Ef6240,18
0xa117000000f279D81A1D3cc75430fAA017FA5A2e,18
0xaA7a9CA87d3694B5755f213B5D04094b8d0F0A6F,18
0x595832F8FC6BF59c85C527fEC3740A1b7a361269,6
0xE95A203B1a91a908F9B9CE46459d101078c2c3cb,18
0x08d967bb0134F2d07f7cfb6E246680c53927DD30,18
0x57Ab1ec28D129707052df4dF418D58a2D46d5f51,18
0x7B0C06043468469967DBA22d1AF33d77d44056c8,4
0xdd974D5C2e2928deA5F71b9825b8b646686BD200,18
0x80fB784B7eD66730e8b1DBd9820aFD29931aab03,18
0x26E75307Fc0C021472fEb8F727839531F112f317,18
0x6c28AeF8977c9B773996d0e8376d2EE379446F2f,18
0x818Fc6C2Ec5986bc6E2CBf00939d90556aB12ce5,18
0x8f8221aFbB33998d8584A2B05749bA73c37a938a,18
0x5228a22e72ccC52d415EcFd199F99D0665E7733b,18
0x8806926Ab68EB5a7b909DcAf6FdBe5d93271D6e2,18
0xB63B606Ac810a52cCa15e44bB630fd42D8d1d83d,8
0xB3319f5D18Bc0D84dD1b4825Dcde5d5f7266d407,8
0x389999216860AB8E0175387A0c90E5c52522C945,9
0xDF2C7238198Ad8B389666574f2d8bc411A4b7428,18
0x115eC79F1de567eC68B7AE7eDA501b406626478e,18
0xb17C88bDA07D28B3838E0c1dE6a30eAfBCF52D85,18
0x77FbA179C79De5B7653F68b5039Af940AdA60ce0,18
0xDe30da39c46104798bB5aA3fe8B9e0e1F348163F,18
0x0391D2021f89DC339F60Fff84546EA23E337750f,18
0x5Ca381bBfb58f0092df149bD3D243b08B9a8386e,18
0x5e3346444010135322268a4630d2ED5F8D09446c,18
0xb59490aB09A0f526Cc7305822aC65f2Ab12f9723,18
0xd0929d411954c47438dc1d871dd6081F5C5e149c,4
0xdB25f211AB05b1c97D595516F45794528a807ad8,2
0x88dF592F8eb5D7Bd38bFeF7dEb0fBc02cf3778a0,18
0x584bC13c7D411c00c01A62e8019472dE68768430,18
0x0d438F3b5175Bebc262bF23753C1E53d03432bDE,18
0x91Af0fBB28ABA7E31403Cb457106Ce79397FD4E6,18
0x56d811088235F11C8920698a204A5010a788f4b3,18
0xad3E3Fc59dff318BecEaAb7D00EB4F68b1EcF195,18
0xcB97e65F07DA24D46BcDD078EBebd7C6E6E3d750,8
0x3593D125a4f7849a1B059E64F4517A86Dd60c95d,18
0x037A54AaB062628C9Bbae1FDB1583c195585fe41,18
0x84cA8bc7997272c7CfB4D0Cd3D55cd942B3c9419,18
0xEE06A81a695750E71a662B51066F2c74CF4478a0,18
0x6C8c6b02E7b2BE14d4fA6022Dfd6d75921D90E4E,8
0xFca59Cd816aB1eaD66534D82bc21E7515cE441CF,18
0x2F109021aFe75B949429fe30523Ee7C0D5B27207,18
0x0Ae055097C6d159879521C384F1D2123D1f195e6,18
0xD7EFB00d12C2c13131FD319336Fdf952525dA2af,4
0x57B946008913B82E4dF85f501cbAeD910e58D26C,18
0x70e8dE73cE538DA2bEEd35d14187F6959a8ecA96,6
0x93ED3FBe21207Ec2E8f2d3c3de6e058Cb73Bc04d,18
0xCF3C8Be2e2C42331Da80EF210e9B1b307C03d36A,18
0x362bc847A3a9637d3af6624EeC853618a43ed7D2,18
0x431ad2ff6a9C365805eBaD47Ee021148d6f7DBe0,18
0x5218E472cFCFE0b64A064F055B43b4cdC9EfD3A6,18
0x419c4dB4B9e25d6Db2AD9691ccb832C8D9fDA05E,18
0xE5Dada80Aa6477e85d09747f2842f7993D0Df71C,18
0x940a2dB1B7008B6C776d4faaCa729d6d4A4AA551,18
0x89d24A6b4CcB1B6fAA2625fE562bDD9a23260359,18
0x0000000000095413afC295d19EDeb1Ad7B71c952,18
0xE0B7927c4aF23765Cb51314A0E0521A9645F0E2A,-999
0xa3d58c4E56fedCae3a7c43A725aeE9A71F0ece4e,18
0x0202Be363B8a4820f3F4DE7FaF5224fF05943AB1,18
0x226bb599a12C826476e3A771454697EA52E9E220,8
0xb683D83a532e2Cb7DFa5275eED3698436371cc9f,18
0xb6EE9668771a79be7967ee29a63D4184F8097143,18
0xa2791BdF2D5055Cda4d46EC17f9F429568275047,8
0x618E75Ac90b12c6049Ba3b27f5d5F8651b0037F6,6
0x8f3470A7388c05eE4e7AF3d01D8C722b0FF52374,18
0x1614F18Fc94f47967A3Fbe5FfcD46d4e7Da3D787,18
0x9B02dD390a603Add5c07f9fd9175b7DABE8D63B7,18
0xDFe66B14D37C77F4E9b180cEb433d1b164f0281D,18
0x8a854288a5976036A725879164Ca3e91d30c6A1B,18
0xfB7B4564402E5500dB5bB6d63Ae671302777C75a,18
0x986EE2B944c42D017F52Af21c4c69B84DBeA35d8,18
0xb753428af26E81097e7fD17f40c88aaA3E04902c,18
0x27054b13b1B798B345b591a4d22e6562d47eA75a,4
0x1c48f86ae57291F7686349F12601910BD8D470bb,18
0x99ea4dB9EE77ACD40B119BD1dC4E33e1C070b80d,18
0x8B39B70E39Aa811b69365398e0aACe9bee238AEb,18
0x255Aa6DF07540Cb5d3d297f0D0D4D84cb52bc8e6,18
0x1b40183EFB4Dd766f11bDa7A7c3AD8982e998421,18
0x9B99CcA871Be05119B2012fd4474731dd653FEBe,18
0xF4d861575ecC9493420A3f5a14F85B13f0b50EB3,18
0x0cEC1A9154Ff802e7934Fc916Ed7Ca50bDE6844e,18
0x3aFfCCa64c2A6f4e3B6Bd9c64CD2C969EFd1ECBe,18
0x89Ab32156e46F46D02ade3FEcbe5Fc4243B9AAeD,18
0x746DdA2ea243400D5a63e0700F190aB79f06489e,7
0x1796ae0b0fa4862485106a0de9b654eFE301D0b2,18
0x626E8036dEB333b408Be468F951bdB42433cBF18,18
0x340D2bdE5Eb28c1eed91B2f790723E3B160613B7,18
0x954b890704693af242613edEf1B603825afcD708,18
0xee573a945B01B788B9287CE062A0CFC15bE9fd86,18
0xAAA7A10a8ee237ea61E8AC46C50A8Db8bCC1baaa,18
0x15B543e986b8c34074DFc9901136d9355a537e7E,18
0xd4c435F5B09F855C3317c8524Cb1F586E42795fa,18
0x1955d744F9435522Be508D1Ba60E3c12D0690B6A,18
0xF5581dFeFD8Fb0e4aeC526bE659CFaB1f8c781dA,18
0xE1c7E30C42C24582888C758984f6e382096786bd,8
0x0C6f5F7D555E7518f6841a79436BD2b1Eef03381,18
0xE5B826Ca2Ca02F09c1725e9bd98d9a8874C30532,18
0xe2f2a5C287993345a840Db3B0845fbC70f5935a5,18
0xc3761EB917CD790B30dAD99f6Cc5b4Ff93C4F9eA,18
0x814e0908b12A99FeCf5BC101bB5d0b8B5cDf7d26,18
0xd4fa1460F537bb9085d22C7bcCB5DD450Ef28e3a,8
0x9469D013805bFfB7D3DEBe5E7839237e535ec483,18
0x761D38e5ddf6ccf6Cf7c55759d5210750B5D60F3,18
0x72dD4b6bd852A3AA172Be4d6C5a6dbEc588cf131,18
0xE884cc2795b9c45bEeac0607DA9539Fd571cCF85,18
0x16ECCfDbb4eE1A85A33f3A9B21175Cd7Ae753dB4,18
0x08c32b0726C5684024ea6e141C50aDe9690bBdcc,18
0x6149C26Cd2f7b5CCdb32029aF817123F6E37Df5B,18
0x4CC19356f2D37338b9802aa8E8fc58B0373296E7,18
0x6531f133e6DeeBe7F2dcE5A0441aA7ef330B4e53,8
0x4946Fcea7C692606e8908002e55A582af44AC121,18
0x4a527d8fc13C5203AB24BA0944F4Cb14658D1Db6,18
0x808507121B80c02388fAd14726482e061B8da827,18
0x1337DEF16F9B486fAEd0293eb623Dc8395dFE46a,18
0xcfcEcFe2bD2FED07A9145222E8a7ad9Cf1Ccd22A,11
0x02F61Fd266DA6E8B102D4121f5CE7b992640CF98,18
0x544c42fBB96B39B21DF61cf322b5EDC285EE7429,18
0x298d492e8c1d909D3F63Bc4A36C66c64ACB3d695,18
0x8971f9fd7196e5cEE2C1032B50F656855af7Dd26,18
0x4DC3643DbC642b72C158E7F3d2ff232df61cb6CE,18
0xb9EF770B6A5e12E45983C5D80545258aA38F3B78,10
0x2781246fe707bB15CeE3e5ea354e2154a2877B16,18
0x4c11249814f11b9346808179Cf06e71ac328c1b5,18
0x7865af71cf0b288b4E7F654f4F7851EB46a2B7F8,18
0xa3BeD4E1c75D00fa6f4E5E6922DB7261B5E9AcD2,18
0x2Ab6Bb8408ca3199B8Fa6C92d5b455F820Af03c4,18
0x054D64b73d3D8A21Af3D764eFd76bCaA774f3Bb2,18
0x103c3A209da59d3E7C4A89307e66521e081CFDF0,18
0xca1207647Ff814039530D7d35df0e1Dd2e91Fa84,18
0x5a666c7d92E5fA7Edcb6390E4efD6d0CDd69cF37,18
0xB98d4C97425d9908E66E53A6fDf673ACcA0BE986,18
0xaD22f63404f7305e4713CcBd4F296f34770513f4,8
0x7C5A0CE9267ED19B22F8cae653F198e3E8daf098,18
0xc5bDdf9843308380375a611c18B50Fb9341f502A,18
0x6425c6BE902d692AE2db752B3c268AFAdb099D3b,18
0x1735Db6AB5BAa19eA55d0AdcEeD7bcDc008B3136,18
0x1F8A626883d7724DBd59eF51CBD4BF1Cf2016D13,18
0xF970b8E36e23F7fC3FD752EeA86f8Be8D83375A6,18
0xf3Db5Fa2C66B7aF3Eb0C0b782510816cbe4813b8,4
0x558EC3152e2eb2174905cd19AeA4e34A23DE9aD6,18
0x9E46A38F5DaaBe8683E10793b06749EEF7D733d1,18
0x51DB5Ad35C671a87207d88fC11d593AC0C8415bd,18
0x286BDA1413a2Df81731D4930ce2F862a35A609fE,18
0xa02120696c7B8fE16C09C749E4598819b2B0E915,18
0x798D1bE841a82a273720CE31c822C61a67a601C3,9
0x30f271C9E86D2B7d00a6376Cd96A1cFBD5F0b9b3,18
0x42d6622deCe394b54999Fbd73D108123806f6a18,18
0x12B19D3e2ccc14Da04FAe33e63652ce469b3F2FD,12
0xc07A150ECAdF2cc352f5586396e344A6b17625EB,9
0xFdB29741F239a2406AE287913Ef12415160378d3,18
0x765f0C16D1Ddc279295c1a7C24B0883F62d33F75,18
0x08389495D7456E1951ddF7c3a1314A4bfb646d8B,18
0x2F141Ce366a2462f02cEA3D12CF93E4DCa49e4Fd,18
0x9040e237C3bF18347bb00957Dc22167D0f2b999d,18
0xfB559CE67Ff522ec0b9Ba7f5dC9dc7EF6c139803,18
0x8A9C67fee641579dEbA04928c4BC45F66e26343A,18
0xf3db7560E820834658B590C96234c333Cd3D5E5e,18
0x701C244b988a513c945973dEFA05de933b23Fe1D,18
0x21BfBDa47A0B4B5b1248c767Ee49F7caA9B23697,18
0x327673aE6B33Bd3d90f0096870059994f30Dc8AF,18
0x0AeE8703D34DD9aE107386d3eFF22AE75Dd616D1,18
0xad32A8e6220741182940c5aBF610bDE99E737b2D,18
0x464eBE77c293E473B48cFe96dDCf88fcF7bFDAC0,18
0x0bb217E40F8a5Cb79Adf04E1aAb60E5abd0dfC1e,8
0x60F5672A271C7E39E787427A18353ba59A4A3578,18
0x0AF44e2784637218dD1D32A322D44e603A8f0c6A,18
0x29CbD0510EEc0327992CD6006e63F9Fa8E7f33B7,18
0x970B9bB2C0444F5E81e9d0eFb84C8ccdcdcAf84d,18
0x6781a0F84c7E9e846DCb84A9a5bd49333067b104,18
0xe3818504c1B32bF1557b16C238B2E01Fd3149C17,18
0x6758B7d441a9739b98552B373703d8d3d14f9e62,18
0xD8912C10681D8B21Fd3742244f44658dBA12264E,18
0xaAAf91D9b90dF800Df4F55c205fd6989c977E73a,8
0xc27A2F05fa577a83BA0fDb4c38443c0718356501,18
0x2791BfD60D232150Bff86b39B7146c0eaAA2BA81,18
0x2C974B2d0BA1716E644c1FC59982a89DDD2fF724,18
0x41A3Dba3D677E573636BA691a70ff2D606c29666,18
0x2A8e1E676Ec238d8A992307B495b45B3fEAa5e86,18
0xDDD460bBD9F79847ea08681563e8A9696867210C,18
0x7b6F71c8B123b38aa8099e0098bEC7fbc35B8a13,8
0xADA86b1b313D1D5267E3FC0bB303f0A2b66D0Ea7,18
0x2ef52Ed7De8c5ce03a4eF0efbe9B7450F2D7Edc9,6
0x1a7a8BD9106F2B8D977E08582DC7d24c723ab0DB,18
0x08f5a9235B08173b7569F83645d2c7fB55e8cCD8,8
0x0f8c45B896784A1E408526B9300519ef8660209c,8
0xE477292f1B3268687A29376116B0ED27A9c76170,18
0xC0Eb85285d83217CD7c891702bcbC0FC401E2D9D,8
0xea3983Fc6D0fbbC41fb6F6091f68F3e08894dC06,18
0xC11b1268C1A384e55C48c2391d8d480264A3A7F4,8
0xe25bCec5D3801cE3a794079BF94adF1B8cCD802D,18
0x10Be9a8dAe441d276a5027936c3aADEd2d82bC15,18
0xDD16eC0F66E54d453e6756713E533355989040E4,18
0x16484d73Ac08d2355F466d448D2b79D2039F6EBB,18
0xA487bF43cF3b10dffc97A9A744cbB7036965d3b9,18
0x809826cceAb68c387726af962713b64Cb5Cb3CCA,18
0x0a50C93c762fDD6E56D86215C24AaAD43aB629aa,8
0x4c327471C44B2dacD6E90525f9D629bd2e4f662C,18
0x998FFE1E43fAcffb941dc337dD0468d52bA5b48A,2
0xcAaa93712BDAc37f736C323C93D4D5fDEFCc31CC,18
0xfFffFffF2ba8F66D4e51811C5190992176930278,18
0xac3211a5025414Af2866FF09c23FC18bc97e79b1,18
0x66186008C1050627F979d464eABb258860563dbE,18
0x3ebb4A4e91Ad83BE51F8d596533818b246F4bEe1,18
0x48C3399719B582dD63eB5AADf12A40B4C3f52FA2,18
0x56A86d648c435DC707c8405B78e2Ae8eB4E60Ba4,18
0xDc5864eDe28BD4405aa04d93E05A0531797D9D59,6
0xeb547ed1D8A3Ff1461aBAa7F0022FED4836E00A4,18
0x0CDF9acd87E940837ff21BB40c9fd55F68bba059,18
0xD0660cD418a64a1d44E9214ad8e459324D8157f1,12
0x5136C98A80811C3f46bDda8B5c4555CFd9f812F0,6
0xAcfa209Fb73bF3Dd5bBfb1101B9Bc999C49062a5,18
0x155ff1A85F440EE0A382eA949f24CE4E0b751c65,18
0x846C66cf71C43f80403B51fE3906B3599D63336f,18
0x68d57c9a1C35f63E2c83eE8e49A64e9d70528D25,18
0x3832d2F059E55934220881F831bE501D180671A7,8
0xAF691508BA57d416f895e32a1616dA1024e882D2,18
0x38c6A68304cdEfb9BEc48BbFaABA5C5B47818bb2,-999
0x50bC2Ecc0bfDf5666640048038C1ABA7B7525683,18
0xE9A95d175a5f4C9369f3b74222402eB1b837693b,8
0xe469c4473af82217B30CF17b10BcDb6C8c796e75,0
0x0f7F961648aE6Db43C75663aC7E5414Eb79b5704,18
0x8c18D6a985Ef69744b9d57248a45c0861874f244,18
0x107c4504cd79C5d2696Ea0030a8dD4e92601B82e,18
0x9AF839687F6C94542ac5ece2e317dAAE355493A1,18
0xCdeee767beD58c5325f68500115d4B722b3724EE,18
0xD8E3FB3b08eBA982F2754988d70D57eDc0055ae6,9
0x0E29e5AbbB5FD88e28b2d355774e73BD47dE3bcd,18
0x554FFc77F4251a9fB3c0E3590a6a205f8d4e067D,18
0x4C6eC08CF3fc987c6C4BEB03184D335A2dFc4042,18
0x922aC473A3cC241fD3a0049Ed14536452D58D73c,18
0xAC9ce326e95f51B5005e9fE1DD8085a01F18450c,18
0xBbff34E47E559ef680067a6B1c980639EEb64D24,18
0x2467AA6B5A2351416fD4C3DeF8462d841feeecEC,18
0x28b5E12CcE51f15594B0b91d5b5AdaA70F684a02,2
0xF4134146AF2d511Dd5EA8cDB1C4AC88C57D60404,18
0x264Dc2DedCdcbb897561A57CBa5085CA416fb7b4,18
0x36F3FD68E7325a35EB768F1AedaAe9EA0689d723,18
0x0Ebb614204E47c09B6C3FeB9AAeCad8EE060E23E,0
0x1CCAA0F2a7210d76E1fDec740d5F323E2E1b1672,18
0x4f3AfEC4E5a3F2A6a1A411DEF7D7dFe50eE057bF,9
0x0A913beaD80F321E7Ac35285Ee10d9d922659cB7,18
0x2ecB13A8c458c379c4d9a7259e202De03c8F3D19,18
0x667088b212ce3d06a1b553a7221E1fD19000d9aF,18
0xe516D78d784C77D479977BE58905B3f2b1111126,18
0xf0Ee6b27b759C9893Ce4f094b49ad28fd15A23e4,8
0xe5feeaC09D36B18b3FA757E5Cf3F8dA6B8e27F4C,18
0x543Ff227F64Aa17eA132Bf9886cAb5DB55DCAddf,18
0x6D0F5149c502faf215C89ab306ec3E50b15e2892,18
0xEDD7c94FD7B4971b916d15067Bc454b9E1bAD980,18
0x2e2364966267B5D7D2cE6CD9A9B5bD19d9C7C6A9,18
0xAE1eaAE3F627AAca434127644371b67B18444051,8
0xd341d1680Eeee3255b8C4c75bCCE7EB57f144dAe,18
0x3505F494c3f0fed0B594E01Fa41Dd3967645ca39,18
0xdD0020B1D5Ba47A54E2EB16800D73Beb6546f91A,18
0x4CF488387F035FF08c371515562CBa712f9015d4,18
0xc12d099be31567add4e4e4d0D45691C3F58f5663,18
0xfDBc1aDc26F0F8f8606a5d63b7D3a3CD21c22B23,8
0x2C4e8f2D746113d0696cE89B35F0d8bF88E0AEcA,18
0xfAE4Ee59CDd86e3Be9e8b90b53AA866327D7c090,18
0x1cBb83EbcD552D5EBf8131eF8c9CD9d9BAB342bC,18
0x68037790A0229e9Ce6EaA8A99ea92964106C4703,18
0xc666081073E8DfF8D3d1c2292A29aE1A2153eC09,18
0x37E8789bB9996CaC9156cD5F5Fd32599E6b91289,18
0xfc05987bd2be489ACCF0f509E44B0145d68240f7,18
0x3449FC1Cd036255BA1EB19d65fF4BA2b8903A69a,18
0x0f71B8De197A1C84d31de0F1fA7926c365F052B3,18
0x048Fe49BE32adfC9ED68C37D32B5ec9Df17b3603,18
0xff2b3353c3015E9f1FBF95B9Bda23F58Aa7cE007,18
0x4D2eE5DAe46C86DA2FF521F7657dad98834f97b8,18
0x377d552914E7A104bC22B4F3B6268dDC69615Be7,18
0xf14922001A2FB8541a433905437ae954419C2439,8
0x8185Bc4757572Da2a610f887561c32298f1A5748,18
0x24E3794605C84E580EEA4972738D633E8a7127c8,18
0x910Dfc18D6EA3D6a7124A6F8B5458F281060fa4c,18
0x737F98AC8cA59f2C68aD658E3C3d8C8963E40a4c,18
0x2baac9330Cf9aC479D819195794d79AD0c7616e3,18
0x661Ab0Ed68000491d98C796146bcF28c20d7c559,18
0xf04a8ac553FceDB5BA99A64799155826C136b0Be,18
0xEA097A2b1dB00627B2Fa17460Ad260c016016977,18
0x5d48F293BaED247A2D0189058bA37aa238bD4725,18
0xa150Db9b1Fa65b44799d4dD949D922c0a33Ee606,0
0x6A27348483D59150aE76eF4C0f3622A78B0cA698,18
0xc528c28FEC0A90C083328BC45f587eE215760A0F,18
0xcbCC0F036ED4788F63FC0fEE32873d6A7487b908,8
0x8Ae4BF2C33a8e667de34B54938B0ccD03Eb8CC06,8
0xe0955F26515d22E347B17669993FCeFcc73c3a0a,18
0x55a290f08Bb4CAe8DcF1Ea5635A3FCfd4Da60456,18
0xd31695a1d35E489252CE57b129FD4b1B05E6AcaC,18
0x5c64031C62061865E5FD0F53d3CDaeF80f72E99D,18
0x83984d6142934bb535793A82ADB0a46EF0F66B6d,4
0xa7ED29B253D8B4E3109ce07c80fc570f81B63696,18
0x41dBECc1cdC5517C6f76f6a6E836aDbEe2754DE3,18
0x9B20DaBcec77f6289113E61893F7BEeFAEB1990a,18
0x1961B3331969eD52770751fC718ef530838b6dEE,18
0x905E337c6c8645263D3521205Aa37bf4d034e745,18
0x574F84108a98c575794F75483d801d1d5DC861a5,18
0xA9d2927d3a04309E008B6af6E2e282AE2952e7fD,18
0x7DEE45dff03ec7137979586cA20a2F4917BAC9Fa,18
0xa8006C4ca56F24d6836727D106349320dB7fEF82,8
0xd07D9Fe2d2cc067015E2b4917D24933804f42cFA,18
0x539F3615C1dBAfa0D008d87504667458acBd16Fa,18
0x9AF4f26941677C706cfEcf6D3379FF01bB85D5Ab,8
0xF70a642bD387F94380fFb90451C2c81d4Eb82CBc,18
0x429876c4a6f89FB470E92456B8313879DF98B63c,18
0x96A65609a7B84E8842732DEB08f56C3E21aC6f8a,18
0xAA19961b6B858D9F18a115f25aa1D98ABc1fdBA8,18
0x0E22734e078d6e399BCeE40a549DB591C4EA46cB,18
0x8578530205CEcbe5DB83F7F29EcfEEC860C297C2,18
0xFf19138b039D938db46bDDA0067DC4BA132ec71C,8
0x7d4b8Cce0591C9044a22ee543533b72E976E36C3,18
0x998b3B82bC9dBA173990Be7afb772788B5aCB8Bd,18
0xd9485499499d66B175Cf5ED54c0a19f1a6Bcb61A,18
0x63f584FA56E60e4D0fE8802b27C7e6E3b33E007f,18
0xc42209aCcC14029c1012fB5680D95fBd6036E2a0,18
0x83e2BE8d114F9661221384B3a50d24B96a5653F5,18
0x7f1F2D3dFa99678675ECE1C243d3f7bC3746db5D,18
0x14Da7b27b2E0FedEfe0a664118b0c9bc68e2E9AF,18
0xd559f20296FF4895da39b5bd9ADd54b442596a61,18
0x2ccbFF3A042c68716Ed2a2Cb0c544A9f1d1935E1,8
0x9b4e2B4B13d125238Aa0480dD42B4f6fC71b37CC,18
0xcbd55D4fFc43467142761A764763652b48b969ff,18
0x8D75959f1E61EC2571aa72798237101F084DE63a,18
0x539EfE69bCDd21a83eFD9122571a64CC25e0282b,8
0x06e0feB0D74106c7adA8497754074D222Ec6BCDf,18
0xCb94be6f13A1182E4A4B6140cb7bf2025d28e41B,6
0xEA54C81fe0f72DE8e86B6dC78a9271AA3925E3B5,18
0x687174f8C49ceb7729D925C3A961507ea4Ac7b28,18
0xe530441f4f73bDB6DC2fA5aF7c3fC5fD551Ec838,4
0x93dfaf57D986B9cA77Df9376c50878E013D9c7C8,18
0x740623d2c797b7D8D1EcB98e9b4Afcf99Ec31E14,18
0xD49ff13661451313cA1553fd6954BD1d9b6E02b9,18
0xEda8B016efA8b1161208Cf041cD86972eeE0F31E,18
0x68AA3F232dA9bdC2343465545794ef3eEa5209BD,18
0x91e64F39C1FE14492e8FDf5A8B0f305BD218C8A1,18
0xEeEeeeeEe2aF8D0e1940679860398308e0eF24d6,18
0xFb5a551374B656C6e39787B1D3A03fEAb7f3a98E,18
0xBDFA65533074B0b23EbC18c7190BE79Fa74b30c2,18
0xB5DBC6D3cf380079dF3b27135664b6BCF45D1869,8
0x3136eF851592aCf49CA4C825131E364170FA32b3,18
0x8727c112C712c4a03371AC87a74dD6aB104Af768,18
0x0e0989b1f9B8A38983c2BA8053269Ca62Ec9B195,8
0xf8e386EDa857484f5a12e4B5DAa9984E06E73705,18
0x60c68a87bE1E8a84144b543AAcfA77199cd3d024,18
0xBC86727E770de68B1060C91f6BB6945c73e10388,18
0x81c9151de0C8bafCd325a57E3dB5a5dF1CEBf79c,18
0xaeC2E87E0A235266D9C5ADc9DEb4b2E29b54D009,0
0x1d37986F252d0e349522EA6C3B98Cb935495E63E,18
0xD0D6D6C5Fe4a677D343cC433536BB717bAe167dD,9
0x44f262622248027f8E2a8Fb1090c4Cf85072392C,18
0xf1F508c7C9f0d1b15a76fbA564eEf2d956220cf7,18
0xba2184520A1cC49a6159c57e61E1844E085615B6,8
0x0000000000004946c0e9F43F4Dee607b0eF1fA1c,0
0x8D3E855f3f55109D473735aB76F753218400fe96,18
0xFFE02ee4C69eDf1b340fCaD64fbd6b37a7b9e265,8
0x459086F2376525BdCebA5bDDA135e4E9d3FeF5bf,8
0x1dEa979ae76f26071870F824088dA78979eb91C8,18
0x3A92bD396aEf82af98EbC0Aa9030D25a23B11C6b,18
0xfa05A73FfE78ef8f1a739473e462c54bae6567D9,18
0x1c4481750daa5Ff521A2a7490d9981eD46465Dbd,18
0xA13f0743951B4f6E3e3AA039f682E17279f52bc3,18
0xeaf61FC150CD5c3BeA75744e830D916E60EA5A9F,4
0xAa0bb10CEc1fa372eb3Abc17C933FC6ba863DD9E,18
0x83cee9e086A77e492eE0bB93C2B0437aD6fdECCc,18
0x923108a439C4e8C2315c4f6521E5cE95B44e9B4c,18
0x04B5E13000C6e9A3255Dc057091F3e3Eeee7b0f0,18
0xB81D70802a816B5DacBA06D708B5acF19DcD436D,18
0x9f20Ed5f919DC1C1695042542C13aDCFc100dcab,18
0x491C9A23DB85623EEd455a8EfDd6AbA9b911C5dF,18
0x877C7dEb5eB1fc5faAd30C71E3a6E39DC8b1519F,18
0x4355fC160f74328f9b383dF2EC589bB3dFd82Ba0,18
0xbdEB4b83251Fb146687fa19D1C660F99411eefe3,-999
0x48C1B2f3eFA85fbafb2ab951bF4Ba860a08cdBB7,0
0x5D4d57cd06Fa7fe99e26fdc481b468f77f05073C,18
0x3c4bEa627039F0B7e7d21E34bB9C9FE962977518,18
0x4b4D2e899658FB59b1D518b68fe836B100ee8958,18
0xc96DF921009B790dfFcA412375251ed1A2b75c60,8
0x47bc01597798DCD7506DCCA36ac4302fc93a8cFb,8
0xf7B098298f7C69Fc14610bf71d5e02c60792894C,3
0x7654915A1b82D6D2D0AFc37c52Af556eA8983c7E,18
0x2c949199cFF14AEAF1B33D64Db01F48FB57f592f,8
0x4689a4e169eB39cC9078C0940e21ff1Aa8A39B9C,18
0x095648BC80a7d1Dd16B85E9B84F07463a20f3536,18
0x780116D91E5592E58a3b3c76A351571b39abCEc6,15
0x4954Db6391F4feB5468b6B943D4935353596aEC9,18
0x56e0B2C7694E6e10391E870774daA45cf6583486,18
0x8dB54ca569D3019A2ba126D03C37c44b5eF81EF6,8
0x63e634330A20150DbB61B15648bC73855d6CCF07,18
0xf344490ABd414DaFa97f34c8Ca501B0aa5Bf8873,1
0xDaab5E695bb0E8Ce8384ee56BA38fA8290618e52,18
0xFEF3884b603C33EF8eD4183346E093A173C94da6,18
0x90528aeb3a2B736B780fD1B6C478bB7E1d643170,18
0xfF5c25D2F40B47C4a37f989DE933E26562Ef0Ac0,16
0x7B68D272EDa2185ea2F9283F241b1c44C51e712A,18
0xAbC430136A4dE71c9998242de8c1b4B97D2b9045,6
0x45245bc59219eeaAF6cD3f382e078A461FF9De7B,18
0x2aECCB42482cc64E087b6D2e5Da39f5A7A7001f8,18
0x7Fc66500c84A76Ad7e9c93437bFc5Ac33E2DDaE9,18
0xD533a949740bb3306d119CC777fa900bA034cd52,18
0xbC396689893D065F41bc2C6EcbeE5e0085233447,18
0x408e41876cCCDC0F92210600ef50372656052a38,18
0x5245C0249e5EEB2A0838266800471Fd32Adb1089,6
0x8290333ceF9e6D528dD5618Fb97a76f268f3EDD4,18
0x674C6Ad92Fd080e4004b2312b45f796a192D27a0,18
0x6810e776880C02933D47DB1b9fc05908e5386b96,18
0x8CE9137d39326AD0cD6491fb5CC0CbA0e089b6A9,18
0xa1faa113cbE53436Df28FF0aEe54275c13B40975,18
0x8762db106B2c2A0bccB3A80d1Ed41273552616E8,18
0xDDB3422497E61e13543BeA06989C0789117555c5,18
0xFE3E6a25e6b192A42a44ecDDCd13796471735ACf,18
0x3472A5A71965499acd81997a54BBA8D852C6E53d,18
0x1985365e9f78359a9B6AD760e32412f4a445E862,18
0x8Fc8f8269ebca376D046Ce292dC7eaC40c8D358A,8
0x5f98805A4E8be255a32880FDeC7F6728C6568bA0,18
0xa0246c9032bC3A600820415aE600c6388619A14D,18
0x8Ab7404063Ec4DBcfd4598215992DC3F8EC853d7,18
0xCC4304A31d09258b0029eA7FE63d032f52e44EFe,18
0xD46bA6D942050d489DBd938a2C909A5d5039A161,9
0x0f51bb10119727a7e5eA3538074fb341F56B09Ad,18
0x62359Ed7505Efc61FF1D56fEF82158CcaffA23D7,18
0x990f341946A3fdB507aE7e52d17851B87168017c,18
0x2ba592F78dB6436527729929AAf6c908497cB200,18
0xf8C3527CC04340b208C854E985240c02F7B7793f,18
0xA9B1Eb5908CfC3cdf91F9B8B3a74108598009096,18
0x87d73E916D7057945c9BcD8cdd94e42A6F47f776,18
0x33349B282065b0284d756F0577FB39c158F935e6,18
0x03ab458634910AaD20eF5f1C8ee96F1D6ac54919,18
0x88EF27e69108B2633F8E1C184CC37940A075cC02,18
0x38e4adB44ef08F22F5B5b76A8f0c2d0dCbE7DcA1,18
0x6243d8CEA23066d098a15582d81a598b4e8391F4,18
0x0763fdCCF1aE541A5961815C0872A8c5Bc6DE4d7,18
0x1cEB5cB57C4D4E2b2433641b95Dd330A33185A44,18
0x6DEA81C8171D0bA574754EF6F8b412F2Ed88c54D,18
0x1FCdcE58959f536621d76f5b7FfB955baa5A672F,18
0x95a4492F028aa1fd432Ea71146b433E7B4446611,18
0x441761326490cACF7aF299725B6292597EE822c2,18
0x993864E43Caa7F7F12953AD6fEb1d1Ca635B875F,18
0xde4EE8057785A7e8e800Db58F9784845A5C2Cbd6,18
0x485d17A6f1B8780392d53D64751824253011A260,8
0xA4EED63db85311E22dF4473f87CcfC3DaDCFA3E3,18
0x8888801aF4d980682e47f1A9036e589479e835C5,18
0xE5CAeF4Af8780E59Df925470b050Fb23C43CA68C,6
0x6fC13EACE26590B80cCCAB1ba5d51890577D83B2,18
0xd1e2d5085b39B80C9948AeB1b9aA83AF6756bcc5,9
0xa393473d64d2F9F026B60b6Df7859A689715d092,8
0xa1d65E8fB6e87b60FECCBc582F7f97804B725521,18
0x3c9d6c1C73b31c837832c72E04D3152f051fc1A9,18
0xFc979087305A826c2B2a0056cFAbA50aad3E6439,18
0x63b4f3e3fa4e438698CE330e365E831F7cCD1eF4,18
0xcafE34BAE6F1b23A6B575303EdCc0578d2188131,18
0xc813EA5e3b48BEbeedb796ab42A30C5599b01740,4
0xEd0439EACf4c4965AE4613D77a5C2Efe10e5f183,18
0x875773784Af8135eA0ef43b5a374AaD105c5D39e,18
0x888888888889C00c67689029D7856AAC1065eC11,18
0xB8BAa0e4287890a5F79863aB62b7F175ceCbD433,18
0xFAc3f6391C86004289A186Ae0198180fCB4D49Ab,18
0xB1f66997A5760428D3a87D68b90BfE0aE64121cC,18
0x43A96962254855F16b925556f9e97BE436A43448,18
0x054f76beED60AB6dBEb23502178C52d6C5dEbE40,18
0xB97FaF860045483E0C7F08c56acb31333084a988,18
0x91dFbEE3965baAEE32784c2d546B7a0C62F268c9,18
0x961C8c0B1aaD0c0b10a51FeF6a867E3091BCef17,18
0xE4CFE9eAa8Cdb0942A80B7bC68fD8Ab0F6D44903,18
0x066798d9ef0833ccc719076Dab77199eCbd178b0,18
0x5F0E628B693018f639D10e4A4F59BD4d8B2B6B44,18
0x383518188C0C6d7730D91b2c03a03C837814a899,9
0x8798249c2E607446EfB7Ad49eC89dD1865Ff4272,18
0x5e74C9036fb86BD7eCdcb084a0673EFc32eA31cb,18
0x2e9d63788249371f1DFC918a52f8d799F4a38C94,18
0xdBdb4d16EdA451D0503b854CF79D55697F90c8DF,18
0xfE18be6b3Bd88A2D2A7f928d00292E7a9963CfC6,18
0x09a3EcAFa817268f77BE1283176B946C4ff2E608,18
0x0258F474786DdFd37ABCE6df6BBb1Dd5dfC4434a,8
0xBC6DA0FE9aD5f3b0d58160288917AA56653660E9,18
0x83e6f1E41cdd28eAcEB20Cb649155049Fac3D5Aa,18
0x1494CA1F11D487c2bBe4543E90080AeBa4BA3C2b,18
0x35A18000230DA775CAc24873d00Ff85BccdeD550,8
0xAa6E8127831c9DE45ae56bB1b0d4D4Da6e5665BD,18
0x0b38210ea11411557c13457D4dA7dC6ea731B88a,18
0xB705268213D593B8FD88d3FDEFF93AFF5CbDcfAE,18
0xfA5047c9c78B8877af97BDcb85Db743fD7313d4a,18
0x3E9BC21C9b189C09dF3eF1B824798658d5011937,18
0xa1d0E215a23d7030842FC67cE582a6aFa3CCaB83,18
0x3A880652F47bFaa771908C07Dd8673A787dAEd3A,18
0x4e352cF164E64ADCBad318C3a1e222E9EBa4Ce42,18
0x33D0568941C0C64ff7e0FB4fbA0B11BD37deEd9f,18
0xA91ac63D040dEB1b7A5E4d4134aD23eb0ba07e14,18
0x8064d9Ae6cDf087b1bcd5BDf3531bD5d8C537a68,18
0xD71eCFF9342A5Ced620049e616c5035F1dB98620,18
0x77777FeDdddFfC19Ff86DB637967013e6C6A116C,18
0x6f40d4A6237C257fff2dB00FA0510DeEECd303eb,18
0x07baC35846e5eD502aA91AdF6A9e7aA210F2DcbE,18
0x0E192d382a36De7011F795Acc4391Cd302003606,18
0xF938424F7210f31dF2Aee3011291b658f872e91e,18
0x0954906da0Bf32d5479e25f46056d22f08464cab,18
0x73968b9a57c6E53d41345FD57a6E6ae27d6CDB2F,18
0x8dAEBADE922dF735c38C80C7eBD708Af50815fAa,18
0x41D5D79431A913C4aE7d69a668ecdfE5fF9DFB68,18
0x6399C842dD2bE3dE30BF99Bc7D1bBF6Fa3650E70,18
0x43044f861ec040DB59A7e324c40507adDb673142,18
0x0fF6ffcFDa92c53F615a4A75D982f399C989366b,18
0xf418588522d5dd018b425E472991E52EBBeEEEEE,18
0x04abEdA201850aC0124161F037Efd70c74ddC74C,18
0x773258b03c730F84aF10dFcB1BfAa7487558B8Ac,6
0x3D658390460295FB963f54dC0899cfb1c30776Df,8
0x92E187a03B6CD19CB6AF293ba17F2745Fd2357D5,18
0xeEAA40B28A2d1b0B08f6f97bB1DD4B75316c6107,18
0x1321f1f1aa541A56C31682c57b80ECfCCd9bB288,18
0x28cb7e841ee97947a86B06fA4090C8451f64c0be,18
0x903bEF1736CDdf2A537176cf3C64579C3867A881,9
0xaDB2437e6F65682B85F814fBc12FeC0508A7B1D0,18
0xCc80C051057B774cD75067Dc48f8987C4Eb97A5e,18
0xD23Ac27148aF6A2f339BD82D0e3CFF380b5093de,18
0x1Da87b114f35E1DC91F72bF57fc07A768Ad40Bb0,18
0x888888435FDe8e7d4c54cAb67f206e4199454c60,18
0x8642A849D0dcb7a15a974794668ADcfbe4794B56,18
0xB4d930279552397bbA2ee473229f89Ec245bc365,18
0x86772b1409b61c639EaAc9Ba0AcfBb6E238e5F83,18
0x7F3EDcdD180Dbe4819Bd98FeE8929b5cEdB3AdEB,18
0x5BC25f649fc4e26069dDF4cF4010F9f706c23831,18
0x429881672B9AE42b8EbA0E26cD9C73711b891Ca5,18
0xEd40834A13129509A89be39a9bE9C0E96A0DDd71,18
0x49E833337ECe7aFE375e44F4E3e8481029218E5c,18
0xC76FB75950536d98FA62ea968E1D6B45ffea2A55,18
0x196f4727526eA7FB1e17b2071B3d8eAA38486988,18
0x0AaCfbeC6a24756c20D41914F2caba817C0d8521,18
0xccF4429DB6322D5C611ee964527D42E5d685DD6a,8
0xE61fDAF474Fac07063f2234Fb9e60C1163Cfa850,18
0x7968bc6a03017eA2de509AAA816F163Db0f35148,6
0x6bB61215298F296C55b19Ad842D3Df69021DA2ef,18
0xE0e05c43c097B0982Db6c9d626c4eb9e95C3b9ce,18
0x20945cA1df56D237fD40036d47E866C7DcCD2114,18
0x6F87D756DAf0503d08Eb8993686c7Fc01Dc44fB1,18
0x7866E48C74CbFB8183cd1a929cd9b95a7a5CB4F4,18
0xbd1848e1491d4308Ad18287A745DD4DB2A4BD55B,18
0x793786e2dd4Cc492ed366a94B88a3Ff9ba5E7546,18
0xa283aA7CfBB27EF0cfBcb2493dD9F4330E0fd304,18
0xaD6A626aE2B43DCb1B39430Ce496d2FA0365BA9C,18
0xaB37e1358b639Fd877f015027Bb62d3ddAa7557E,8
0xb4bebD34f6DaaFd808f73De0d10235a92Fbb6c3D,18
0x837010619aeb2AE24141605aFC8f66577f6fb2e7,18
0xA1AFFfE3F4D611d252010E3EAf6f4D77088b0cd7,9
0x94d863173EE77439E4292284fF13fAD54b3BA182,18
0x0327112423F3A68efdF1fcF402F6c5CB9f7C33fd,18
0x39795344CBCc76cC3Fb94B9D1b15C23c2070C66D,9
0x44564d0bd94343f72E3C8a0D22308B7Fa71DB0Bb,18
0xA8e7AD77C60eE6f30BaC54E2E7c0617Bd7B5A03E,18
0x607C794cDa77efB21F8848B7910ecf27451Ae842,18
0xA9859874e1743A32409f75bB11549892138BBA1E,18
0x17525E4f4Af59fbc29551bC4eCe6AB60Ed49CE31,18
0x261EfCdD24CeA98652B9700800a13DfBca4103fF,18
0xaBAfA52D3d5A2c18A4C1Ae24480D22B831fC0413,18
0x76c5449F4950f6338A393F53CdA8b53B0cd3Ca3a,18
0x3a3A65aAb0dd2A17E3F1947bA16138cd37d08c04,18
0xfC1E690f61EFd961294b3e1Ce3313fBD8aa4f85d,18
0x3212b29E33587A00FB1C83346f5dBFA69A458923,8
0x07C44B5Ac257C2255AA0933112c3b75A6BFf3Cb1,18
0xBeBdab6DA046Bc49ffBb61fbD7b33157Eb270D05,18
0xdb0aCC14396D108b3C5574483aCB817855C9dc8d,8
0x59d4CCC94A9C4C3d3b4bA2Aa343a9bDF95145DD1,18
0x65d9bC970aA9B2413027fA339F7f179B3F3f2604,18
